date,near_symbol,far_symbol,source_update,near_open,far_open,near_high,far_high,near_low,far_low,near_close,far_close,near_settle,far_settle,near_pre_settle,far_pre_settle,near_volume,far_volume,near_open_interest,far_open_interest,near_oi_change,far_oi_change,close_spread,settle_spread
2025-12-01,sc2610,sc2611,20251201 15:26:52,460.1,,460.1,,460.1,,460.1,457.1,460.1,457.1,456.5,456.3,1,0,105,7,0,0,3.0,3.0
2025-12-02,sc2610,sc2611,20251202 15:23:51,457.9,,457.9,,455,,455.3,456.4,455.6,456.4,460.1,457.1,27,0,107,7,2,0,-1.099999999999966,-0.7999999999999545
2025-12-03,sc2610,sc2611,20251203 15:28:54,453.6,453.8,453.6,453.8,447.8,451.2,450.1,451.2,449.3,452.5,455.6,456.4,84,2,169,8,62,1,-1.099999999999966,-3.1999999999999886
2025-12-04,sc2610,sc2611,20251204 15:22:55,453.4,,453.4,,450.8,,453.3,452.5,452.3,452.5,449.3,452.5,24,0,177,8,8,0,0.8000000000000114,-0.19999999999998863
2025-12-05,sc2610,sc2611,20251205 15:21:57,453.3,453.4,454.4,453.4,449.2,453.4,453.1,453.4,452.1,453.4,452.3,452.5,95,1,212,8,35,0,-0.2999999999999545,-1.2999999999999545
2025-12-08,sc2610,sc2611,20251208 15:24:35,456.9,457,458,457,454.2,457,456.6,457,456.3,457,452.1,453.4,35,1,220,8,8,0,-0.39999999999997726,-0.6999999999999886
2025-12-09,sc2610,sc2611,20251209 15:33:35,451.6,451.5,452.3,451.5,445.6,451.5,447.7,451.5,448,451.5,456.3,457,103,1,289,7,69,-1,-3.8000000000000114,-3.5
2025-12-10,sc2610,sc2611,20251210 15:28:06,448.6,,448.6,,444.3,,445.4,446.7,445.2,446.7,448,451.5,28,0,293,7,4,0,-1.3000000000000114,-1.5
2025-12-11,sc2610,sc2611,20251211 15:26:01,445.4,447.2,446.7,447.2,441.4,443.4,443.5,443.4,444.2,445.3,445.2,446.7,156,2,421,9,128,2,0.10000000000002274,-1.1000000000000227
2025-12-12,sc2610,sc2611,20251212 15:25:01,443.4,443.4,443.5,443.4,439.2,439,442.6,441.6,441.9,441.4,444.2,445.3,125,4,516,11,95,2,1.0,0.5
2025-12-15,sc2610,sc2611,20251215 15:57:01,441,439,441.1,439.3,437.5,439,438.4,439.3,439.3,439.1,441.9,441.4,143,2,638,12,122,1,-0.9000000000000341,0.19999999999998863
2025-12-16,sc2610,sc2611,20251216 15:28:01,438,436,438,436,431.5,432.7,432.3,432.7,433.5,433.5,439.3,439.1,191,4,729,13,91,1,-0.39999999999997726,0.0
2025-12-17,sc2610,sc2611,20251217 15:21:01,429.9,429.4,430.1,430.9,426.8,427.4,430.1,429.8,428.4,429.4,433.5,433.5,64,6,765,15,36,2,0.30000000000001137,-1.0
2025-12-18,sc2610,sc2611,20251218 15:56:01,431.8,432,434.3,432,427.9,432,430.3,432,430.3,432,428.4,429.4,32,2,768,15,3,0,-1.6999999999999886,-1.6999999999999886
2025-12-19,sc2610,sc2611,20251219 15:26:03,431.2,,431.5,,427.7,,428.9,432,429.3,432,430.3,432,16,0,769,15,1,0,-3.1000000000000227,-2.6999999999999886
2025-12-22,sc2610,sc2611,20251222 15:26:08,431.5,,440.2,,431.5,,440,438.5,438.9,438.5,429.3,432,54,0,773,15,4,0,1.5,0.39999999999997726
2025-12-23,sc2610,sc2611,20251223 15:27:06,443.2,442.4,444.5,443.9,437,441.4,443.3,443.9,443,442.5,438.9,438.5,286,3,788,15,15,0,-0.5999999999999659,0.5
2025-12-24,sc2610,sc2611,20251224 15:31:10,445.7,444.1,445.7,444.1,441.1,443.7,444.3,443.7,443.4,443.9,443,442.5,608,4,854,14,66,-1,0.6000000000000227,-0.5
2025-12-25,sc2610,sc2611,20251225 16:19:12,444.2,443.3,445.5,443.3,440.9,443.3,445.2,443.3,444.2,443.3,443.4,443.9,37,1,854,13,0,-1,1.8999999999999773,0.8999999999999773
2025-12-26,sc2610,sc2611,20251226 15:31:14,446.2,449.5,448.7,449.5,444.3,449.5,444.5,449.5,445.7,449.5,444.2,443.3,58,1,849,14,-5,1,-5.0,-3.8000000000000114
2025-12-29,sc2610,sc2611,20251229 15:30:16,441.3,443,442,443,437,441.1,438.1,441.1,439.8,441.8,445.7,449.5,58,3,848,16,-1,2,-3.0,-2.0
2025-12-30,sc2610,sc2611,20251230 15:31:06,441.9,439.9,442.3,440.6,438.6,439.8,439.3,440.5,439.7,440.2,439.8,441.8,27,4,854,17,6,1,-1.1999999999999886,-0.5
2025-12-31,sc2610,sc2611,20251231 15:43:26,439.3,438.3,440.3,438.3,437.1,438.3,438.8,438.3,438.6,438.3,439.7,440.2,16,1,848,18,-6,1,0.5,0.30000000000001137
2026-01-05,sc2610,sc2611,20260105 15:25:01,436.4,435.9,438.4,435.9,431.3,433,431.4,433,434.6,435.1,438.6,438.3,75,4,859,21,11,3,-1.6000000000000227,-0.5
2026-01-06,sc2610,sc2611,20260106 15:25:01,434.6,,436.6,,434.6,,436.6,436,435.6,436,434.6,435.1,14,0,858,21,-1,0,0.6000000000000227,-0.39999999999997726
2026-01-07,sc2610,sc2611,20260107 16:09:01,438.2,438.6,439.7,441.8,426.3,427,428.9,427,431.1,435,435.6,436,71,5,868,21,10,0,1.8999999999999773,-3.8999999999999773
2026-01-08,sc2610,sc2611,20260108 15:32:02,431.4,433.4,434.4,433.5,426,427.1,428.2,428.3,428.7,429.9,431.1,435,62,5,862,23,-6,2,-0.10000000000002274,-1.1999999999999886
2026-01-09,sc2610,sc2611,20260109 15:28:01,439.9,431.2,444,444,431.2,431.2,442.9,444,438.2,439.9,428.7,429.9,108,80,886,68,24,45,-1.1000000000000227,-1.6999999999999886
2026-01-12,sc2610,sc2611,20260112 15:44:57,442.1,442.2,447.8,447.9,441,441.4,447.3,447.3,446.2,446,438.2,439.9,204,216,961,184,75,116,0.0,0.19999999999998863
2026-01-13,sc2610,sc2611,20260113 15:28:57,446.5,443.8,449.8,450.1,441.4,441.6,449.8,449.9,446.9,446.3,446.2,446,153,176,990,321,29,137,-0.0999999999999659,0.5999999999999659
2026-01-14,sc2610,sc2611,20260114 16:02:32,452.3,453,455.3,455.9,449.8,449.8,453.9,454.2,454,454.1,446.9,446.3,204,337,1062,529,72,208,-0.30000000000001137,-0.10000000000002274
2026-01-15,sc2610,sc2611,20260115 16:08:01,460.5,460.9,462.4,461.6,450.9,451,453.4,453.7,452.9,453.9,454,454.1,218,634,1125,817,63,288,-0.30000000000001137,-1.0
2026-01-16,sc2610,sc2611,20260116 15:28:30,447.1,447.8,450,449.5,445.8,446.2,447.1,447.8,447.7,448.4,452.9,453.9,149,176,1161,891,36,74,-0.6999999999999886,-0.6999999999999886
2026-01-19,sc2610,sc2611,20260119 15:58:33,451.7,450.8,452.7,454.7,446,446.3,446,446.7,447.5,448.5,447.7,448.4,53,67,1178,917,17,26,-0.6999999999999886,-1.0
2026-01-20,sc2610,sc2611,20260120 15:26:10,446.3,446.3,447.7,448.6,444.7,445.3,445.8,445.3,446.1,446.6,447.5,448.5,24,27,1175,911,-3,-6,0.5,-0.5
2026-01-21,sc2610,sc2611,20260121 15:25:11,447.6,447.8,453,452.9,446.7,447,448.7,448.8,448.1,448.9,446.1,446.6,128,106,1212,941,37,30,-0.10000000000002274,-0.7999999999999545
2026-01-22,sc2610,sc2611,20260122 15:27:02,452.3,452.8,454.6,462.2,452,445,453.5,453.1,453.9,454,448.1,448.9,55,35,1216,939,4,-2,0.39999999999997726,-0.10000000000002274
2026-01-23,sc2610,sc2611,20260123 15:38:01,447.3,447.6,450.5,451.6,447.3,444.9,450.2,450.4,449.2,450,453.9,454,180,193,1230,1056,14,117,-0.19999999999998863,-0.8000000000000114
2026-01-26,sc2610,sc2611,20260126 16:27:01,452.2,453.1,463,463.8,452.2,452.5,460.4,462.3,459.7,460.1,449.2,450,221,163,1284,1089,54,33,-1.900000000000034,-0.4000000000000341
2026-01-27,sc2610,sc2611,20260127 15:31:02,458,458.3,460,460.1,452.1,452.7,454.2,456.1,456.8,457.8,459.7,460.1,50,26,1295,1099,11,10,-1.900000000000034,-1.0
2026-01-28,sc2610,sc2611,20260128 15:26:01,454.2,456.1,470.9,471.1,452,456.1,467.8,470.6,464.8,466.1,456.8,457.8,67,29,1297,1099,2,0,-2.8000000000000114,-1.3000000000000114
2026-01-29,sc2610,sc2611,20260129 15:29:01,470,471.2,480.7,482.2,469.6,470.7,478.5,480.2,475.3,475.8,464.8,466.1,84,70,1317,1104,20,5,-1.6999999999999886,-0.5
2026-01-30,sc2610,sc2611,20260130 15:38:27,478.5,484.3,506.7,508.6,473.7,470.4,479.8,482.9,488.1,489.6,475.3,475.8,206,82,1359,1100,42,-4,-3.099999999999966,-1.5
2026-02-02,sc2610,sc2611,20260202 15:58:01,483.9,485.4,493.6,494.1,454.2,455.5,455,455.5,469.5,471.9,488.1,489.6,185,117,1322,1110,-37,10,-0.5,-2.3999999999999773
2026-02-03,sc2610,sc2611,20260203 15:58:01,460,457.2,463.4,463.5,456.6,457.2,460.8,460.8,459.7,460.2,469.5,471.9,103,118,1329,1101,7,-9,0.0,-0.5
2026-02-04,sc2610,sc2611,20260204 15:28:01,464.3,465.6,474.6,475.8,462.9,463.6,473.3,474.3,470.8,470,459.7,460.2,128,176,1358,1164,29,63,-1.0,0.8000000000000114
2026-02-05,sc2610,sc2611,20260205 15:30:01,471.3,472.8,483.5,483.7,467.7,469.5,474.3,473.2,472.7,473.4,470.8,470,115,120,1369,1202,11,38,1.1000000000000227,-0.6999999999999886
2026-02-06,sc2610,sc2611,20260206 15:59:01,472.5,472.1,477.9,478.6,465.8,466.4,475.1,474.9,472.1,472.4,472.7,473.4,53,47,1375,1201,6,-1,0.20000000000004547,-0.2999999999999545
2026-02-09,sc2610,sc2611,20260209 15:30:02,466.8,468.7,479,478.6,464.4,468.7,470,471.2,471.3,471.6,472.1,472.4,97,167,1395,1309,20,108,-1.1999999999999886,-0.30000000000001137
2026-02-10,sc2610,sc2611,20260210 15:23:59,474.1,474.7,480.7,480.9,471.7,471.8,480.7,480.9,476.3,476.2,471.3,471.6,26,131,1398,1352,3,43,-0.19999999999998863,0.10000000000002274
2026-02-11,sc2610,sc2611,20260211 15:26:58,481.4,482,483.8,484.6,478.6,478.5,482.3,481.9,481.3,482.5,476.3,476.2,43,62,1396,1370,-2,18,0.4000000000000341,-1.1999999999999886
2026-02-12,sc2610,sc2611,20260212 15:23:04,488.1,487.6,489.3,490.1,480.2,480.8,482.2,482.5,485,484.7,481.3,482.5,75,65,1428,1388,32,18,-0.30000000000001137,0.30000000000001137
2026-02-13,sc2610,sc2611,20260223 11:22:12,480.3,482.5,480.3,482.5,464.3,464,468.8,467.7,472.3,470.8,485,484.7,41,60,1433,1376,5,-12,1.1000000000000227,1.5
2026-02-24,sc2610,sc2611,20260224 15:29:01,488,488.9,495.7,496.5,488,488.9,492.5,493.2,491.8,492.6,472.3,470.8,274,34,1569,1379,136,3,-0.6999999999999886,-0.8000000000000114
2026-02-25,sc2610,sc2611,20260225 15:25:01,492.5,493,494.7,493.9,476.1,474.9,477.9,475.8,481.4,483,491.8,492.6,1230,1196,1319,1293,-250,-86,2.099999999999966,-1.6000000000000227
2026-02-26,sc2610,sc2611,20260226 15:24:01,477.9,478.8,483,482.3,476.8,476.8,478.7,478,479.4,480.2,481.4,483,464,112,1448,1294,129,1,0.6999999999999886,-0.8000000000000114
2026-02-27,sc2610,sc2611,20260227 15:26:01,470,470.2,489.9,489.9,470,470.2,483.5,483.2,480,481.2,479.4,480.2,361,135,1622,1311,174,17,0.30000000000001137,-1.1999999999999886
2026-03-02,sc2610,sc2611,20260302 15:39:02,494.8,495,523.2,524.5,490,490.7,523.2,522.5,511.5,515.1,480,481.2,566,851,1676,1322,54,11,0.7000000000000455,-3.6000000000000227
2026-03-03,sc2610,sc2611,20260303 16:39:01,532.3,526.2,533.2,532,500.8,498.8,527,522.3,523,518.1,511.5,515.1,1226,604,2132,1346,456,24,4.7000000000000455,4.899999999999977
2026-03-04,sc2610,sc2611,20260304 16:46:01,532.8,548.4,568.6,560.4,521.6,511.4,558.1,551.2,554.5,544.8,523,518.1,5754,945,2967,1381,835,35,6.899999999999977,9.700000000000045
2026-03-05,sc2610,sc2611,20260305 16:19:01,541,530.9,570,557.7,517,510.7,542.2,537.2,546.3,533,554.5,544.8,2398,411,2608,1399,-359,18,5.0,13.299999999999955
2026-03-06,sc2610,sc2611,20260306 16:01:02,552,538.9,572.3,562.3,536.1,525.6,549.3,539.1,548.5,535.4,546.3,533,2334,904,2295,1370,-313,-29,10.199999999999932,13.100000000000023
2026-03-09,sc2610,sc2611,20260309 16:15:02,595.5,579.2,630.7,615.7,579.1,567.6,630.7,615.7,605.2,594.7,548.5,535.4,974,469,2334,1389,39,19,15.0,10.5
2026-03-10,sc2610,sc2611,20260310 16:14:27,645.6,640,650,640,505,533.4,594,584.4,600.3,585.2,605.2,594.7,2222,1157,2055,1235,-279,-154,9.600000000000023,15.099999999999909
2026-03-11,sc2610,sc2611,20260311 15:35:25,596.8,589.9,599.8,591.7,568.1,560.7,595,591.4,590,586.2,600.3,585.2,504,813,2087,1326,32,91,3.6000000000000227,3.7999999999999545
2026-03-12,sc2610,sc2611,20260312 15:30:30,600,604.1,679,671.1,600,596,646,643.5,644.5,640.3,590,586.2,807,1151,2164,1031,77,-295,2.5,4.2000000000000455
2026-03-13,sc2610,sc2611,20260313 15:59:04,660,645.4,668.7,659.8,648.5,642.3,663,654.3,659.6,650.6,644.5,640.3,603,410,2251,1104,87,73,8.700000000000045,9.0
2026-03-16,sc2610,sc2611,20260316 15:28:07,651,639.3,690.1,676.9,647,638.9,676.7,659.1,669.4,661,659.6,650.6,327,138,2245,1084,-6,-20,17.600000000000023,8.399999999999977
2026-03-17,sc2610,sc2611,20260317 15:28:04,650.1,640,677,671.1,636.5,620.4,670.3,658.7,655.7,643.4,669.4,661,176,88,2242,1082,-3,-2,11.599999999999909,12.300000000000068
2026-03-18,sc2610,sc2611,20260318 15:58:07,667.3,656.6,676.2,663.3,642.8,632.7,651.2,641.8,662.1,653,655.7,643.4,321,117,2262,1071,20,-11,9.400000000000091,9.100000000000023
2026-03-19,sc2610,sc2611,20260319 15:32:10,690,686.1,712.6,696.3,680.2,670,708.6,695.2,700.9,686.8,662.1,653,471,256,2226,1042,-36,-29,13.399999999999977,14.100000000000023
2026-03-20,sc2610,sc2611,20260320 15:27:02,707,676.2,708.1,705.2,655.8,642.8,691,679.8,686.6,672.3,700.9,686.8,328,142,2223,1032,-3,-10,11.200000000000045,14.300000000000068
2026-03-23,sc2610,sc2611,20260323 15:28:01,697.5,684.7,746,730,695.9,681.1,740.7,723,717,699.8,686.6,672.3,307,109,2231,1011,8,-21,17.700000000000045,17.200000000000045
2026-03-24,sc2610,sc2611,20260324 15:30:01,660,653.3,692,677.2,638.1,620.8,668.1,660,673.9,657.2,717,699.8,350,142,2217,999,-14,-12,8.100000000000023,16.699999999999932
2026-03-25,sc2610,sc2611,20260325 16:03:01,682.3,657.7,682.3,657.7,621.5,615.2,654.3,643.3,647.4,637.6,673.9,657.2,345,114,2130,1019,-87,20,11.0,9.799999999999955
2026-03-26,sc2610,sc2611,20260326 16:15:03,650,640.5,674.5,662,648.6,639,671,660.3,661.4,650.5,647.4,637.6,139,40,2095,1002,-35,-17,10.700000000000045,10.899999999999977
2026-03-27,sc2610,sc2611,20260327 15:29:01,685.1,673.4,685.1,673.6,666.6,653.9,675.8,663.7,673.2,662.9,661.4,650.5,220,45,2035,981,-60,-21,12.099999999999909,10.300000000000068
2026-03-30,sc2610,sc2611,20260330 15:32:14,684,674.7,704,687.2,674.4,660.6,686,670.6,683.6,672.6,673.2,662.9,511,200,2086,969,51,-12,15.399999999999977,11.0
2026-03-31,sc2610,sc2611,20260331 15:25:39,685.9,670.6,689.3,670.6,660.4,647.2,675.3,654.4,675,657.7,683.6,672.6,244,49,2092,953,6,-16,20.899999999999977,17.299999999999955
2026-04-01,sc2610,sc2611,20260401 15:29:01,670.2,652.6,671.8,656.4,602.9,598.6,602.9,598.6,627.9,621.4,675,657.7,725,166,2084,965,-8,12,4.2999999999999545,6.5
2026-04-02,sc2610,sc2611,20260402 15:25:01,619.4,605.2,654.2,644,590.1,592.6,645.6,634.3,622.6,617.5,627.9,621.4,351,203,2069,1007,-15,42,11.300000000000068,5.100000000000023
2026-04-03,sc2610,sc2611,20260403 15:27:01,667.4,662.3,671.3,662.3,622.3,612.3,655.8,642.8,647.6,636.4,622.6,617.5,305,131,2113,1008,44,1,13.0,11.200000000000045
2026-04-07,sc2610,sc2611,20260407 15:21:03,652.2,632.4,652.2,636.6,641.5,629.2,641.5,630.9,647,633.7,647.6,636.4,213,154,2230,1110,117,102,10.600000000000023,13.299999999999955
2026-04-08,sc2610,sc2611,20260408 15:26:03,641.2,631.9,655,646.4,566.9,567.1,586.2,578.9,598,587.2,647,633.7,1023,289,2134,1110,-96,0,7.300000000000068,10.799999999999955
2026-04-09,sc2610,sc2611,20260409 15:30:01,579.4,575,619.3,611.9,576.8,573.1,616.1,609.4,597.1,593.2,598,587.2,323,141,2145,1089,11,-21,6.7000000000000455,3.8999999999999773
2026-04-10,sc2610,sc2611,20260410 15:26:28,620.2,611.9,620.3,611.9,597.9,592.6,606.8,601.6,604.4,599.9,597.1,593.2,301,86,2076,1120,-69,31,5.199999999999932,4.5
2026-04-13,sc2610,sc2611,20260413 15:25:07,604.1,595.4,637.1,624.2,597.3,593.1,625.5,617.6,607.1,610.5,604.4,599.9,575,101,1907,1114,-169,-6,7.899999999999977,-3.3999999999999773
2026-04-14,sc2610,sc2611,20260414 15:54:11,626.5,619.8,629,620.8,613.8,604,620.9,615.7,622.2,613,607.1,610.5,246,28,1816,1105,-91,-9,5.199999999999932,9.200000000000045
2026-04-15,sc2610,sc2611,20260415 15:28:09,618,608.4,618.7,612.5,603.8,598.2,610,600.8,611.3,604.5,622.2,613,119,53,1813,1098,-3,-7,9.200000000000045,6.7999999999999545
2026-04-16,sc2610,sc2611,20260416 15:31:12,614.5,607,619.3,613.1,610.8,604.4,614.4,609.8,614.4,609.5,611.3,604.5,183,24,1779,1094,-34,-4,4.600000000000023,4.899999999999977
2026-04-17,sc2610,sc2611,20260417 15:53:11,615.2,610.9,623.5,616.8,611.5,610.1,618.4,611.4,618.2,613.2,614.4,609.5,131,22,1805,1093,26,-1,7.0,5.0
2026-04-20,sc2610,sc2611,20260420 15:26:01,581,585.8,605.8,602.1,578.6,567.1,605.8,602.1,590.2,586.8,618.2,613.2,269,71,1834,1094,29,1,3.699999999999932,3.400000000000091
2026-04-21,sc2610,sc2611,20260421 15:38:01,605,599,605.1,599.1,596,592.1,602,597.2,601.7,595.8,590.2,586.8,133,136,1844,1171,10,77,4.7999999999999545,5.900000000000091
2026-04-22,sc2610,sc2611,20260422 15:24:01,603.8,599.7,618,610.7,603.5,596.4,607.5,604.5,610,603.5,601.7,595.8,123,154,1851,1227,7,56,3.0,6.5
2026-04-23,sc2610,sc2611,20260423 15:29:01,615,607.4,634.7,626.1,615,607.4,628,624,621.3,615,610,603.5,514,154,1679,1287,-172,60,4.0,6.2999999999999545
2026-04-24,sc2610,sc2611,20260424 16:06:01,627.7,622,641.6,632.6,626,622,638,632.2,636.2,630.5,621.3,615,498,51,1525,1294,-154,7,5.7999999999999545,5.7000000000000455
2026-04-27,sc2610,sc2611,20260427 15:24:02,637,628,645,638.9,626.8,618.8,642.7,638.8,636.5,631.5,636.2,630.5,458,51,1449,1302,-76,8,3.900000000000091,5.0
2026-04-28,sc2610,sc2611,20260428 15:22:01,643.3,633.6,655.5,647.7,639.1,633.6,654.3,647.1,650.6,644.6,636.5,631.5,255,101,1452,1311,3,9,7.199999999999932,6.0
2026-04-29,sc2610,sc2611,20260429 15:30:04,656.1,650.8,658.9,651.2,646,638.4,653,644.4,651.1,646.7,650.6,644.6,359,70,1433,1307,-19,-4,8.600000000000023,4.399999999999977
2026-04-30,sc2610,sc2611,20260430 15:35:20,658.1,654.9,673.4,666.2,656.5,649,668.1,659,666.7,660.3,651.1,646.7,647,529,1508,1036,75,-271,9.100000000000023,6.400000000000091
2026-05-06,sc2610,sc2611,20260506 15:27:02,654.1,651,664.1,658.5,652.6,647.6,657.1,654.8,658.1,652.7,666.7,660.3,334,111,1433,980,-75,-56,2.300000000000068,5.399999999999977
2026-05-07,sc2610,sc2611,20260507 15:25:02,634.9,630.9,635.8,630.9,614.9,610.7,616.3,614.1,626.3,621.5,658.1,652.7,348,64,1367,979,-66,-1,2.199999999999932,4.7999999999999545
2026-05-08,sc2610,sc2611,20260508 15:24:01,602.6,600.5,626,620.9,602.6,598,618.2,612.8,616.3,610.9,626.3,621.5,805,97,1757,973,390,-6,5.400000000000091,5.399999999999977
2026-05-11,sc2610,sc2611,20260511 15:37:10,618.5,615,634.9,630.1,614.3,611.4,629.8,625.3,628.4,623.5,616.3,610.9,406,193,1762,887,5,-86,4.5,4.899999999999977
2026-05-12,sc2610,sc2611,20260512 15:25:12,629.8,622.8,640.8,637.8,622.1,618.4,640.4,637.8,631.3,628.1,628.4,623.5,637,125,1993,831,231,-56,2.6000000000000227,3.199999999999932
2026-05-13,sc2610,sc2611,20260513 15:54:13,640.4,638.2,646,640.5,631.1,628,632.9,628.5,637.8,636.1,631.3,628.1,361,55,2046,829,53,-2,4.399999999999977,1.6999999999999318
2026-05-14,sc2610,sc2611,20260514 15:23:55,642,632.9,642,632.9,620,618.5,622.1,618.8,626.3,623,637.8,636.1,618,53,2322,828,276,-1,3.300000000000068,3.2999999999999545
2026-05-15,sc2610,sc2611,20260515 15:33:15,619.6,618.8,653.1,647,618.2,616,646.5,640.6,638.7,636.6,626.3,623,821,392,2384,835,62,7,5.899999999999977,2.1000000000000227
2026-05-18,sc2610,sc2611,20260518 15:58:46,649.8,641.1,669.6,660.8,646.6,640.9,666.2,657.5,661.4,652,638.7,636.6,754,246,2498,915,114,80,8.700000000000045,9.399999999999977
2026-05-19,sc2610,sc2611,20260519 15:24:46,648,651.8,670.2,660,647.6,641,665,656,660.3,650,661.4,652,850,130,2811,952,313,37,9.0,10.299999999999955
2026-05-20,sc2610,sc2611,20260520 15:22:01,666,654.6,672.2,661.3,655.6,646.2,656.8,647.7,665.1,655.6,660.3,650,896,92,3002,981,191,29,9.099999999999909,9.5
2026-05-21,sc2610,sc2611,20260521 15:31:02,652.2,642.5,659.2,645,627.2,620,646.3,638.4,643.4,634.5,665.1,655.6,700,86,2986,991,-16,10,7.899999999999977,8.899999999999977
2026-05-22,sc2610,sc2611,20260522 15:25:01,651.4,640.5,660.1,652.3,625.6,618.5,635.1,630.9,641.5,640.5,643.4,634.5,625,118,3115,992,129,1,4.2000000000000455,1.0
2026-05-25,sc2610,sc2611,20260525 16:02:01,629,623.7,636.1,629.8,596.1,591.1,601.3,595.6,610.2,602.7,641.5,640.5,942,144,3345,1006,230,14,5.699999999999932,7.5
2026-05-26,sc2610,sc2611,20260526 15:23:02,603.4,595.1,605.2,599.8,593,589,598.7,593.7,600.2,594.6,610.2,602.7,1112,278,3515,946,170,-60,5.0,5.600000000000023
2026-05-27,sc2610,sc2611,20260527 15:24:02,598.7,599.7,608.8,603.1,591,585.6,594.7,588.5,599.1,596.2,600.2,594.6,808,210,3533,916,18,-30,6.2000000000000455,2.8999999999999773
2026-05-28,sc2610,sc2611,20260528 15:31:03,585.3,578,598,592.4,579.3,577.7,592.5,587.2,590.4,583.7,599.1,596.2,1310,279,3591,855,58,-61,5.2999999999999545,6.699999999999932
2026-05-29,sc2610,sc2611,20260529 16:34:09,589.6,583.6,595.7,590.1,576.3,572.3,577.7,573.5,584.5,578.7,590.4,583.7,1216,365,3596,813,5,-42,4.2000000000000455,5.7999999999999545
2026-06-01,sc2610,sc2611,20260601 15:23:01,574.5,572.3,593.1,588.8,572.8,570.1,592.8,588.8,582.5,577,584.5,578.7,877,387,3625,874,29,61,4.0,5.5
2026-06-02,sc2610,sc2611,20260602 15:22:01,587.6,583.2,613.6,608.9,585.7,582.9,591.6,586.7,601.4,597.6,582.5,577,2569,515,3876,798,251,-76,4.899999999999977,3.7999999999999545
2026-06-03,sc2610,sc2611,20260603 15:25:02,593.5,589.6,606.8,602.6,591.7,588.3,605.5,600.9,601,594.1,601.4,597.6,1862,305,3790,782,-86,-16,4.600000000000023,6.899999999999977
2026-06-04,sc2610,sc2611,20260604 15:21:01,606.4,602.4,608.2,604,596.6,592.6,599,594.9,602.6,599.3,601,594.1,1084,185,3736,784,-54,2,4.100000000000023,3.300000000000068
2026-06-05,sc2610,sc2611,20260605 15:21:02,589,585.8,597.9,594.2,587.1,585.1,592.6,588.6,592.3,588.7,602.6,599.3,783,248,3666,811,-70,27,4.0,3.599999999999909
2026-06-08,sc2610,sc2611,20260608 15:27:01,591.1,587.2,612,606.5,580,577.1,608.3,604.9,596.5,594.9,592.3,588.7,1205,412,3854,926,188,115,3.3999999999999773,1.6000000000000227
2026-06-09,sc2610,sc2611,20260609 15:26:01,592.1,590.1,598.9,590.1,581.3,578.5,583.7,581.4,585.7,581,596.5,594.9,1745,924,3638,871,-216,-55,2.300000000000068,4.7000000000000455
2026-06-10,sc2610,sc2611,20260610 15:35:12,579.5,577.6,584.4,582.6,567.4,566.5,576.2,573.6,577.8,574.8,585.7,581,1601,339,3856,918,218,47,2.6000000000000227,3.0
2026-06-11,sc2610,sc2611,20260611 15:58:41,582,581.2,596.9,593.4,581.3,579.4,584.5,582.3,587.6,584.2,577.8,574.8,1547,318,4168,891,312,-27,2.2000000000000455,3.3999999999999773
2026-06-12,sc2610,sc2611,20260612 15:22:14,584,585.8,590,587.8,554.6,554.5,559.9,559.8,567,563.6,587.6,584.2,2489,1040,4310,1186,142,295,0.10000000000002274,3.3999999999999773
2026-06-15,sc2610,sc2611,20260615 15:26:17,557.6,556.9,565.7,565,528.9,529.2,533.8,533.5,542.5,541.8,567,563.6,2881,1104,4875,1323,565,137,0.2999999999999545,0.7000000000000455
2026-06-16,sc2610,sc2611,20260616 15:55:17,532.1,532.6,537,536.1,526.4,525.7,530.1,530.6,532.5,530.4,542.5,541.8,1610,493,4811,1305,-64,-18,-0.5,2.1000000000000227
2026-06-17,sc2610,sc2611,20260617 15:26:20,514.9,507,524.5,523.6,507.7,507,511.2,511.3,514.3,513.4,532.5,530.4,3709,753,5817,1300,1006,-5,-0.10000000000002274,0.8999999999999773
2026-06-18,sc2610,sc2611,20260618 15:31:45,517.9,518.1,529,528,506.6,507.4,511.1,511.6,515.9,514.3,514.3,513.4,3956,1054,6530,1713,713,413,-0.5,1.6000000000000227
2026-06-22,sc2610,sc2611,20260622 15:23:01,525.6,522.7,525.6,522.7,505.4,505.7,511.5,511.9,512.9,512.9,515.9,514.3,1731,191,6764,1639,234,-74,-0.39999999999997726,0.0
2026-06-23,sc2610,sc2611,20260623 15:27:02,508,508.9,511.8,511.6,494.2,496.2,496.8,499.1,503.2,501.4,512.9,512.9,4198,1224,7056,2027,292,388,-2.3000000000000114,1.8000000000000114
2026-06-24,sc2610,sc2611,20260624 16:16:02,499.3,502.4,501.1,502.4,488.7,490.3,493,495,493.6,495.4,503.2,501.4,6137,1788,7759,2437,703,410,-2.0,-1.7999999999999545
2026-06-25,sc2610,sc2611,20260625 15:38:02,480.2,485.1,483.7,485.6,468.9,471.9,471.3,474.5,474.2,477.9,493.6,495.4,11116,2209,7998,2753,239,316,-3.1999999999999886,-3.6999999999999886
2026-06-26,sc2610,sc2611,20260626 15:33:01,472.8,475.6,486.7,490.2,471.8,475.5,475.7,480.2,478.7,481.6,474.2,477.9,9732,2139,9392,3052,1394,299,-4.5,-2.900000000000034
2026-06-29,sc2610,sc2611,20260629 15:25:01,469.4,474.9,477.1,480.9,467,471.6,473,477.7,472,475.9,478.7,481.6,9508,1443,11401,3307,2009,255,-4.699999999999989,-3.8999999999999773
2026-06-30,sc2610,sc2611,20260630 15:24:26,475.3,477.7,476.3,479.5,467.1,471.2,469.9,474,471.5,475.7,472,475.9,5665,348,12150,3300,749,-7,-4.100000000000023,-4.199999999999989
2026-07-01,sc2610,sc2611,20260701 15:32:01,473.1,479.2,479.6,483,459.8,464.1,460,464.1,469.6,471.4,471.5,475.7,5774,858,12966,3326,816,26,-4.100000000000023,-1.7999999999999545
2026-07-02,sc2610,sc2611,20260702 16:15:01,454.4,458.4,460.3,464.2,440.7,445.4,442.7,447.4,449.3,454,469.6,471.4,8430,1486,14336,3614,1370,288,-4.699999999999989,-4.699999999999989
2026-07-03,sc2610,sc2611,20260703 15:26:01,442.7,446.2,453.5,457.2,441.7,446,449,452.5,447.6,451.5,449.3,454,10004,2406,15840,4182,1504,568,-3.5,-3.8999999999999773
2026-07-06,sc2610,sc2611,20260706 15:30:01,446.4,448.3,450.5,454.7,441.5,446.1,445.7,449.1,445.6,449.1,447.6,451.5,9252,2389,17311,4642,1471,460,-3.400000000000034,-3.5
2026-07-07,sc2610,sc2611,20260707 15:24:01,443.7,447.7,451.3,454.7,443.2,447.4,451.3,454.7,447.1,451.4,445.6,449.1,6222,1273,17293,4751,-18,109,-3.3999999999999773,-4.2999999999999545
2026-07-08,sc2610,sc2611,20260708 15:33:01,451.5,454.7,474.1,477,447.6,452.5,472.6,476,463.5,465.4,447.1,451.4,13883,2012,18701,4656,1408,-95,-3.3999999999999773,-1.8999999999999773
2026-07-09,sc2610,sc2611,20260709 15:28:27,477.4,482.1,499.7,501.8,476.5,480.2,482,484.3,487.4,491.1,463.5,465.4,18372,3850,17868,4391,-833,-265,-2.3000000000000114,-3.7000000000000455
2026-07-10,sc2610,sc2611,20260710 15:32:13,484.8,489.9,486.9,489.9,470.6,474.3,474.9,477.1,477.5,480,487.4,491.1,10574,1816,17754,4602,-114,211,-2.2000000000000455,-2.5
2026-07-13,sc2610,sc2611,20260713 15:27:18,475.3,478.6,492.9,495.7,465.8,469,486.5,489.7,482.2,485.8,477.5,480,13063,1889,18539,4817,785,215,-3.1999999999999886,-3.6000000000000227
2026-07-14,sc2610,sc2611,20260714 15:29:11,485.1,488.5,523.6,526.2,482.2,485.6,521.9,524.5,507,513.4,482.2,485.8,19183,2448,17867,4817,-672,0,-2.6000000000000227,-6.399999999999977
2026-07-15,sc2610,sc2611,20260715 16:01:20,525,530,527.1,530,511.6,513.7,524.3,526.5,521.2,523.3,507,513.4,16737,1870,16909,4741,-958,-76,-2.2000000000000455,-2.099999999999909
2026-07-16,sc2610,sc2611,20260716 15:30:10,522,525.4,525.2,526.9,514.5,517.4,518.1,520.7,520.4,522.8,521.2,523.3,12790,1474,16543,4706,-366,-35,-2.6000000000000227,-2.3999999999999773
2026-07-17,sc2610,sc2611,20260717 15:27:23,525.2,528,529.3,531.7,504.6,507.5,514.4,515,517,519,520.4,522.8,19243,2269,14761,4801,-1782,95,-0.6000000000000227,-2.0
2026-07-20,sc2610,sc2611,20260720 16:08:01,523.4,526.5,555.4,556,523.3,525.4,550.8,551.4,542.2,544.5,517,519,22388,2683,15433,4812,672,11,-0.6000000000000227,-2.2999999999999545
2026-07-21,sc2610,sc2611,20260721 15:25:01,539.8,540.1,539.8,540.3,527.7,529.5,534.1,535.7,533.7,535,542.2,544.5,18902,1821,15943,4769,510,-43,-1.6000000000000227,-1.2999999999999545
2026-07-22,sc2610,sc2611,20260722 15:27:01,545.5,547.9,559.3,558,545,545.5,558.4,557.3,551.7,552.1,533.7,535,23492,3616,16650,5143,707,374,1.1000000000000227,-0.39999999999997726
2026-07-23,sc2610,sc2611,20260723 17:48:11,563.9,562.6,570.9,567.6,552.5,550.9,570.8,567.6,562.4,559,551.7,552.1,25649,5598,16992,5702,342,559,3.199999999999932,3.3999999999999773
2026-07-24,sc2610,sc2611,20260724 15:25:02,575,578.5,597.3,588.6,575,573.8,583.2,576.4,585.8,579.2,562.4,559,36528,7497,18659,5884,1667,182,6.800000000000068,6.599999999999909
2026-07-27,sc2610,sc2611,20260727 16:04:03,577.9,568.9,579.1,573,536.7,533.7,537.8,533.9,557.7,552.9,585.8,579.2,45029,11501,18414,6250,-245,366,3.8999999999999773,4.800000000000068
2026-07-28,sc2610,sc2611,20260728 15:21:01,543,539.1,544.6,540.6,519.5,515.2,524.2,520.2,532,528.6,557.7,552.9,32011,8178,19600,7525,1186,1275,4.0,3.3999999999999773
2026-07-29,sc2610,sc2611,20260729 15:26:01,523,518.8,543.6,537.2,510,505.1,534.9,529.9,527.1,520.3,532,528.6,29621,8354,20355,7902,755,377,5.0,6.800000000000068
2026-07-30,sc2610,sc2611,20260730 15:26:30,551,545.4,557.5,551.3,536.9,532.6,552.8,546,549.7,544.2,527.1,520.3,32012,8813,21748,8033,1393,131,6.7999999999999545,5.5
2026-07-31,sc2610,sc2611,20260731 15:31:07,543.1,536.3,544,538.7,524.9,519.2,531.3,525.4,534.6,529,549.7,544.2,27708,8505,22467,8728,719,695,5.899999999999977,5.600000000000023
2026-08-03,sc2610,sc2611,20260803 15:29:02,550.1,546.5,552,546.5,515.2,513,519.7,515.7,532.2,527.3,534.6,529,32248,8155,22002,8470,-465,-258,4.0,4.900000000000091
2026-08-04,sc2610,sc2611,20260804 15:43:02,519.4,515.9,536.2,531.8,518.3,515,527.1,522.9,526.7,522.2,532.2,527.3,24429,6910,22532,8577,530,107,4.2000000000000455,4.5
2026-08-05,sc2610,sc2611,20260805 15:25:01,510.5,507.3,517.3,514.4,498.1,495.6,500,496.7,506.5,504.3,526.7,522.2,43521,10982,24148,9414,1616,837,3.3000000000000114,2.1999999999999886
2026-08-06,sc2610,sc2611,20260806 15:22:01,510,505,510,505.2,492.4,489.6,507.4,502.9,501.2,498.2,506.5,504.3,39853,9255,22486,9736,-1662,322,4.5,3.0
2026-08-07,sc2610,sc2611,20260808 11:29:50,512,506,526.2,520.7,506.8,502.9,521.5,516.1,517.4,512.8,501.2,498.2,35807,8403,23445,10435,959,699,5.399999999999977,4.600000000000023
2026-08-10,sc2610,sc2611,20260810 15:30:46,514,509.1,530.1,524,512.5,507.6,523.4,518,522.7,517.3,517.4,512.8,33873,6773,24464,11069,1019,634,5.399999999999977,5.400000000000091
2026-08-11,sc2610,sc2611,20260811 15:25:17,531.4,526.2,557.6,550.8,529.8,524.5,556.6,549.5,543.7,537.3,522.7,517.3,47852,8250,27315,11185,2851,116,7.100000000000023,6.400000000000091
2026-08-12,sc2610,sc2611,20260812 15:32:18,550,548.4,555.5,549.2,540,533.8,552.1,545.3,548.1,542.7,543.7,537.3,49557,9852,28864,11677,1549,492,6.800000000000068,5.399999999999977
2026-08-13,sc2610,sc2611,20260813 15:57:14,547,541,557.9,548.8,543.6,536,553.5,544.6,550.6,542.5,548.1,542.7,46990,8979,31188,12814,2324,1137,8.899999999999977,8.100000000000023
2026-08-14,sc2610,sc2611,20260814 15:28:17,543.1,535,559.1,549.6,540.7,533.4,556.2,547.1,550.5,541.6,550.6,542.5,76261,9477,34629,13197,3441,383,9.100000000000023,8.899999999999977
2026-08-17,sc2610,sc2611,20260817 15:29:24,550.6,540.1,571.8,560,549.4,540.1,561.6,551.5,559.6,549.6,550.5,541.6,77604,9817,36930,13733,2301,536,10.100000000000023,10.0
2026-08-18,sc2610,sc2611,20260818 15:52:28,570.1,558.9,587.8,576.8,563.6,554.2,584.8,574.3,575.4,566,559.6,549.6,98703,11006,41193,13999,4263,266,10.5,9.399999999999977
2026-08-19,sc2610,sc2611,20260819 15:27:51,584,576.8,589.7,578.7,579,569.9,585.8,575,585.3,574.9,575.4,566,115650,12311,43132,13776,1939,-223,10.799999999999955,10.399999999999977
2026-08-20,sc2610,sc2611,20260820 15:33:01,580,571,594.6,581.7,575.4,494.4,583.4,572.4,584.9,572.8,585.3,574.9,145376,20233,42904,12290,-228,-1486,11.0,12.100000000000023
2026-08-21,sc2610,sc2611,20260821 15:27:01,595,584.9,598.6,585.8,585,575,592.9,581.1,592.4,581.1,584.9,572.8,132364,15835,43369,12065,465,-225,11.799999999999955,11.299999999999955
2026-08-24,sc2610,sc2611,20260824 15:34:02,595.4,584.6,603.6,590.1,581.6,570.5,587.8,576.6,593.6,580,592.4,581.1,152210,19059,42179,12560,-1190,495,11.199999999999932,13.600000000000023
2026-08-25,sc2610,sc2611,20260825 16:03:02,589.8,579.6,601.4,589.3,582.8,574.5,584.1,575.4,591.8,581.2,593.6,580,165640,27219,41705,14449,-474,1889,8.700000000000045,10.599999999999909
2026-08-26,sc2610,sc2611,20260826 15:25:03,570.5,558.9,577.2,567.8,551.7,544,556.4,547.7,564.5,554,591.8,581.2,149462,26566,41787,15835,82,1386,8.699999999999932,10.5
2026-08-27,sc2610,sc2611,20260827 15:23:01,558.8,547.1,586.3,571.8,557.4,547.1,576.5,563,573.7,562.8,564.5,554,166524,30187,41699,16832,-88,997,13.5,10.900000000000091
2026-08-28,sc2610,sc2611,20260828 15:34:01,586,572.1,604.8,590.3,581.8,569.3,596.5,580.8,592.3,578.4,573.7,562.8,153166,30033,43480,17523,1781,691,15.700000000000045,13.899999999999977
2026-08-31,sc2610,sc2611,20260831 15:30:42,595,578,639.1,614.1,592,577,635.1,609.4,618.3,598,592.3,578.4,189512,34520,42699,19812,-781,2289,25.700000000000045,20.299999999999955
2026-09-01,sc2610,sc2611,20260901 15:34:02,640.3,614,644.4,617.4,631.3,604.9,637.8,613.4,637.2,610.8,618.3,598,129290,25133,40001,20497,-2698,685,24.399999999999977,26.40000000000009
2026-09-02,sc2610,sc2611,20260902 15:23:02,650,625,710.2,680,648,621.9,693.3,652.3,677.3,649.7,637.2,610.8,245258,59487,39427,23576,-574,3079,41.0,27.59999999999991
2026-09-03,sc2610,sc2611,20260903 15:29:02,686,647.8,706.3,659.3,671.1,634.2,681.7,642.3,690.9,647.7,677.3,649.7,201607,47291,37059,23976,-2368,400,39.40000000000009,43.19999999999993
2026-09-04,sc2610,sc2611,20260904 15:30:01,695.5,650.8,699,656.7,665.4,639.3,685.2,647.1,683.1,648.1,690.9,647.7,161887,38358,35793,23630,-1266,-346,38.10000000000002,35.0
2026-09-07,sc2610,sc2611,20260907 15:34:36,678,636.9,709,663.2,666.7,631.2,699.3,658.5,688.5,648.5,683.1,648.1,195677,42373,38974,24867,3181,1237,40.799999999999955,40.0
2026-09-08,sc2610,sc2611,20260908 15:25:29,697.6,659.8,723,679.1,691.6,655.7,720.6,678.4,703.3,665,688.5,648.5,136321,39490,38758,26889,-216,2022,42.200000000000045,38.299999999999955
